event_id,image_id,timestamp,event_type,score,severity,explanation,action_hint,rule_used
evt_cfc31e0918,img_acfd1f3d60,2026-06-10T08:21:08,OVER_EXPOSED_IMAGE,233.91,WARNING,Brightness=233.9 > 210. Image is over-exposed; details may be washed out.,Reduce camera exposure or add shading to the scene.,brightness > 210
evt_14eb6d34c5,img_efd10c257e,2026-06-10T08:21:08,OVER_EXPOSED_IMAGE,233.91,WARNING,Brightness=233.9 > 210. Image is over-exposed; details may be washed out.,Reduce camera exposure or add shading to the scene.,brightness > 210
evt_89bae37785,img_93b217635f,2026-06-10T08:21:08,OVER_EXPOSED_IMAGE,233.91,WARNING,Brightness=233.9 > 210. Image is over-exposed; details may be washed out.,Reduce camera exposure or add shading to the scene.,brightness > 210
evt_1cacabce91,img_2194badfca,2026-06-10T08:21:08,OVER_EXPOSED_IMAGE,233.91,WARNING,Brightness=233.9 > 210. Image is over-exposed; details may be washed out.,Reduce camera exposure or add shading to the scene.,brightness > 210
evt_be2f343a72,img_477a7aa633,2026-06-10T08:21:08,OVER_EXPOSED_IMAGE,233.91,WARNING,Brightness=233.9 > 210. Image is over-exposed; details may be washed out.,Reduce camera exposure or add shading to the scene.,brightness > 210
evt_25f2ad3f67,img_7904080866,2026-06-10T08:21:08,OVER_EXPOSED_IMAGE,235.33,WARNING,Brightness=235.3 > 210. Image is over-exposed; details may be washed out.,Reduce camera exposure or add shading to the scene.,brightness > 210
evt_140c137c14,img_8df692c2a4,2026-06-10T08:21:11,OVER_EXPOSED_IMAGE,233.91,WARNING,Brightness=233.9 > 210. Image is over-exposed; details may be washed out.,Reduce camera exposure or add shading to the scene.,brightness > 210
evt_8c02741b8a,img_8df692c2a4,2026-06-10T08:21:11,MOTION_DETECTED,1189.0,WARNING,Motion score 1189 >= min_area 500.,Review captured image.,"diff_threshold=15, min_area=500, cooldown=0.0s"
evt_4c5e83478a,img_afe86fef69,2026-06-10T08:21:13,OVER_EXPOSED_IMAGE,233.91,WARNING,Brightness=233.9 > 210. Image is over-exposed; details may be washed out.,Reduce camera exposure or add shading to the scene.,brightness > 210
evt_2e255c1237,img_afe86fef69,2026-06-10T08:21:13,MOTION_DETECTED,1133.5,WARNING,Motion score 1134 >= min_area 500.,Review captured image.,"diff_threshold=40, min_area=500, cooldown=0.0s"
evt_b2afa71ecd,img_9f62bd9db3,2026-06-10T08:21:15,OVER_EXPOSED_IMAGE,233.91,WARNING,Brightness=233.9 > 210. Image is over-exposed; details may be washed out.,Reduce camera exposure or add shading to the scene.,brightness > 210
evt_f34ac81082,img_9f62bd9db3,2026-06-10T08:21:15,NO_SIGNIFICANT_MOTION,1162.0,NORMAL,Motion score 1162 < min_area 1500.,Reduce diff_threshold or min_area if motion is being missed.,"diff_threshold=25, min_area=1500, cooldown=0.0s"
evt_70dc1a088b,img_95d1446829,2026-06-10T08:21:17,OVER_EXPOSED_IMAGE,233.91,WARNING,Brightness=233.9 > 210. Image is over-exposed; details may be washed out.,Reduce camera exposure or add shading to the scene.,brightness > 210
evt_3a4e465434,img_95d1446829,2026-06-10T08:21:17,COOLDOWN_SKIP,1189.0,NORMAL,Cooldown active (5.0s): event suppressed.,Reduce cooldown if events are being lost.,"diff_threshold=15, min_area=500, cooldown=5.0s"
evt_b4f8ecede1,vid_e0520b8a60,2026-06-10T08:21:18,VIDEO_RECORDED,9,NORMAL,Recorded a short video clip with 9 frames.,Use the video clip for review or future frame analysis.,seconds=1
evt_06c071103a,img_efeae71b96,2026-06-10T08:26:27,BLURRY_IMAGE,126.22,WARNING,Blur score (Laplacian variance)=46.2 < 80. Image is not sharp enough.,"Stabilise the camera, clean the lens, or increase focus distance.",blur_score < 80
evt_3dd8a36c62,img_6c309e8ec5,2026-06-10T08:26:32,BLURRY_IMAGE,126.2,WARNING,Blur score (Laplacian variance)=46.1 < 80. Image is not sharp enough.,"Stabilise the camera, clean the lens, or increase focus distance.",blur_score < 80
evt_7dcc8faf6f,vid_405301dd96,2026-06-10T08:26:40,VIDEO_RECORDED,40,NORMAL,Recorded a short video clip with 40 frames.,Use the video clip for review or future frame analysis.,seconds=5
evt_5e306bd9fd,img_9eaa3c8755,2026-06-10T08:27:31,IMAGE_QUALITY_OK,91.47,NORMAL,"Brightness=91.5, blur_score=646.9. Image quality is acceptable.",Image is ready to be passed to Lab 7 object detection.,brightness 60-210 AND blur_score >= 80
evt_e0477e6bf8,img_1a9b962eb4,2026-06-10T08:45:10,LOW_LIGHT,44.47,WARNING,Brightness=44.5 < 60. Image is too dark for reliable AI inference.,Improve ambient lighting or increase camera exposure.,brightness < 60
evt_b536eb66d9,img_e21db035db,2026-06-10T08:45:14,LOW_LIGHT,44.7,WARNING,Brightness=44.7 < 60. Image is too dark for reliable AI inference.,Improve ambient lighting or increase camera exposure.,brightness < 60
evt_5846d09e55,vid_d9c99bd0eb,2026-06-10T08:45:27,VIDEO_RECORDED,43,NORMAL,Recorded a short video clip with 43 frames.,Use the video clip for review or future frame analysis.,seconds=5
evt_afeee6a38b,img_a6d567660a,2026-06-10T08:46:01,IMAGE_QUALITY_OK,147.79,NORMAL,"Brightness=147.8, blur_score=278.3. Image quality is acceptable.",Image is ready to be passed to Lab 7 object detection.,brightness 60-210 AND blur_score >= 80
evt_2ecaddf399,img_6f338da457,2026-06-10T08:46:03,IMAGE_QUALITY_OK,147.79,NORMAL,"Brightness=147.8, blur_score=278.3. Image quality is acceptable.",Image is ready to be passed to Lab 7 object detection.,brightness 60-210 AND blur_score >= 80
evt_5ea2daa167,img_a6afc383af,2026-06-10T09:19:01,IMAGE_QUALITY_OK,87.6,NORMAL,"Brightness=87.6, blur_score=444.3. Image quality is acceptable.",Image is ready to be passed to Lab 7 object detection.,brightness 60-210 AND blur_score >= 80
evt_313670f35e,img_a4fc5eefec,2026-06-10T09:19:01,IMAGE_QUALITY_OK,87.6,NORMAL,"Brightness=87.6, blur_score=444.3. Image quality is acceptable.",Image is ready to be passed to Lab 7 object detection.,brightness 60-210 AND blur_score >= 80
evt_6f378195b5,img_f615cf9334,2026-06-10T09:19:01,IMAGE_QUALITY_OK,87.6,NORMAL,"Brightness=87.6, blur_score=444.3. Image quality is acceptable.",Image is ready to be passed to Lab 7 object detection.,brightness 60-210 AND blur_score >= 80
evt_bafe86b902,img_26518394f3,2026-06-10T09:19:01,IMAGE_QUALITY_OK,87.6,NORMAL,"Brightness=87.6, blur_score=444.3. Image quality is acceptable.",Image is ready to be passed to Lab 7 object detection.,brightness 60-210 AND blur_score >= 80
evt_f41e5c3508,img_05515104ad,2026-06-10T09:19:01,IMAGE_QUALITY_OK,87.6,NORMAL,"Brightness=87.6, blur_score=444.3. Image quality is acceptable.",Image is ready to be passed to Lab 7 object detection.,brightness 60-210 AND blur_score >= 80
evt_62db2b05d5,img_7052c87a8a,2026-06-10T09:19:01,IMAGE_QUALITY_OK,87.6,NORMAL,"Brightness=87.6, blur_score=444.3. Image quality is acceptable.",Image is ready to be passed to Lab 7 object detection.,brightness 60-210 AND blur_score >= 80
evt_d44834924a,img_9387baab6f,2026-06-10T09:19:01,IMAGE_QUALITY_OK,87.6,NORMAL,"Brightness=87.6, blur_score=444.3. Image quality is acceptable.",Image is ready to be passed to Lab 7 object detection.,brightness 60-210 AND blur_score >= 80
evt_55df73f933,img_615fe2f717,2026-06-10T09:19:01,IMAGE_QUALITY_OK,87.6,NORMAL,"Brightness=87.6, blur_score=444.3. Image quality is acceptable.",Image is ready to be passed to Lab 7 object detection.,brightness 60-210 AND blur_score >= 80
evt_d14456e262,img_2309d6c67c,2026-06-10T09:19:04,LOW_LIGHT,51.51,WARNING,Brightness=51.5 < 60. Image is too dark for reliable AI inference.,Improve ambient lighting or increase camera exposure.,brightness < 60
evt_152f7587a9,img_b7b37604e0,2026-06-10T09:19:04,LOW_LIGHT,51.51,WARNING,Brightness=51.5 < 60. Image is too dark for reliable AI inference.,Improve ambient lighting or increase camera exposure.,brightness < 60
evt_6ed98a1213,img_49191ec270,2026-06-10T09:19:04,LOW_LIGHT,51.51,WARNING,Brightness=51.5 < 60. Image is too dark for reliable AI inference.,Improve ambient lighting or increase camera exposure.,brightness < 60
evt_88116de1d5,img_f5796f001b,2026-06-10T09:19:04,LOW_LIGHT,51.51,WARNING,Brightness=51.5 < 60. Image is too dark for reliable AI inference.,Improve ambient lighting or increase camera exposure.,brightness < 60
evt_ebadfe4d95,img_36e32c2e2a,2026-06-10T09:19:04,LOW_LIGHT,51.51,WARNING,Brightness=51.5 < 60. Image is too dark for reliable AI inference.,Improve ambient lighting or increase camera exposure.,brightness < 60
evt_84221d6acc,img_c06bd35b45,2026-06-10T09:19:04,LOW_LIGHT,51.51,WARNING,Brightness=51.5 < 60. Image is too dark for reliable AI inference.,Improve ambient lighting or increase camera exposure.,brightness < 60
evt_e870b4ff3d,img_0f9bbc6489,2026-06-10T09:19:04,LOW_LIGHT,51.51,WARNING,Brightness=51.5 < 60. Image is too dark for reliable AI inference.,Improve ambient lighting or increase camera exposure.,brightness < 60
evt_a4a349c6f6,img_195148a634,2026-06-10T09:19:04,LOW_LIGHT,51.51,WARNING,Brightness=51.5 < 60. Image is too dark for reliable AI inference.,Improve ambient lighting or increase camera exposure.,brightness < 60
evt_faaab72b7a,img_ac15a49325,2026-06-10T09:19:04,LOW_LIGHT,51.51,WARNING,Brightness=51.5 < 60. Image is too dark for reliable AI inference.,Improve ambient lighting or increase camera exposure.,brightness < 60
evt_c9a0b6ec85,img_2efd924db4,2026-06-10T09:19:04,LOW_LIGHT,51.51,WARNING,Brightness=51.5 < 60. Image is too dark for reliable AI inference.,Improve ambient lighting or increase camera exposure.,brightness < 60
evt_90bdaf7eb8,img_18919d8ca3,2026-06-10T09:19:05,LOW_LIGHT,51.51,WARNING,Brightness=51.5 < 60. Image is too dark for reliable AI inference.,Improve ambient lighting or increase camera exposure.,brightness < 60
evt_50746c9d17,img_053e1b11ba,2026-06-10T09:19:05,LOW_LIGHT,51.51,WARNING,Brightness=51.5 < 60. Image is too dark for reliable AI inference.,Improve ambient lighting or increase camera exposure.,brightness < 60
evt_a9cdc0c09f,img_d4641450b7,2026-06-10T09:19:05,LOW_LIGHT,51.51,WARNING,Brightness=51.5 < 60. Image is too dark for reliable AI inference.,Improve ambient lighting or increase camera exposure.,brightness < 60
evt_656387a27f,img_5cedc1a482,2026-06-10T09:19:05,LOW_LIGHT,51.51,WARNING,Brightness=51.5 < 60. Image is too dark for reliable AI inference.,Improve ambient lighting or increase camera exposure.,brightness < 60
evt_31fad83003,img_6afe4f3e46,2026-06-10T09:19:05,LOW_LIGHT,51.51,WARNING,Brightness=51.5 < 60. Image is too dark for reliable AI inference.,Improve ambient lighting or increase camera exposure.,brightness < 60
evt_4d6307b977,img_108c063106,2026-06-10T09:19:05,LOW_LIGHT,51.51,WARNING,Brightness=51.5 < 60. Image is too dark for reliable AI inference.,Improve ambient lighting or increase camera exposure.,brightness < 60
evt_448af53783,img_9eed10339e,2026-06-10T09:19:05,LOW_LIGHT,51.51,WARNING,Brightness=51.5 < 60. Image is too dark for reliable AI inference.,Improve ambient lighting or increase camera exposure.,brightness < 60
evt_c1e7c72c22,img_360adb391f,2026-06-10T09:19:05,LOW_LIGHT,51.51,WARNING,Brightness=51.5 < 60. Image is too dark for reliable AI inference.,Improve ambient lighting or increase camera exposure.,brightness < 60
evt_fed74ab08c,img_375f7b9315,2026-06-10T09:19:05,LOW_LIGHT,51.51,WARNING,Brightness=51.5 < 60. Image is too dark for reliable AI inference.,Improve ambient lighting or increase camera exposure.,brightness < 60
evt_3aa652a8ba,img_e0e991456e,2026-06-10T09:19:05,LOW_LIGHT,51.51,WARNING,Brightness=51.5 < 60. Image is too dark for reliable AI inference.,Improve ambient lighting or increase camera exposure.,brightness < 60
evt_dba9bf6401,img_bd172b3929,2026-06-10T09:19:05,LOW_LIGHT,51.51,WARNING,Brightness=51.5 < 60. Image is too dark for reliable AI inference.,Improve ambient lighting or increase camera exposure.,brightness < 60
evt_4b93b50da1,img_9388d3e84b,2026-06-10T09:19:27,BLURRY_IMAGE,145.37,WARNING,Blur score (Laplacian variance)=69.9 < 80. Image is not sharp enough.,"Stabilise the camera, clean the lens, or increase focus distance.",blur_score < 80
evt_471ac42d81,img_9388d3e84b,2026-06-10T09:19:27,MOTION_DETECTED,52186.0,WARNING,Motion score 52186 >= min_area 800.,Review captured image.,"diff_threshold=25, min_area=800, cooldown=1.0s"
evt_6342c77d12,img_960897648e,2026-06-10T09:21:19,LOW_LIGHT,51.51,WARNING,Brightness=51.5 < 60. Image is too dark for reliable AI inference.,Improve ambient lighting or increase camera exposure.,brightness < 60
